time,open,high,low,close,volume
1631152800000,3.0,14.444,3.0,11.327,615209.52
1631152860000,11.327,11.327,10.49,11.088,376937.58
1631152920000,11.066,11.484,10.814,11.245,197552.85
1631152980000,11.228,11.344,10.8,11.195,186695.4
1631153040000,11.195,11.33,11.071,11.11,87108.28
1631153100000,11.109,11.6,11.049,11.449,146824.41
1631153160000,11.449,11.775,11.282,11.755,172148.49
1631153220000,11.755,11.949,11.649,11.696,189130.68
1631153280000,11.696,11.7,11.391,11.475,70224.53
1631153340000,11.496,12.1,11.478,11.882,166240.93
1631153400000,11.955,12.2,11.812,12.157,119871.23
1631153460000,12.156,12.206,11.9,12.206,122117.1
1631153520000,12.206,12.299,11.837,12.007,208784.58
1631153580000,12.008,12.013,11.662,11.871,97477.91
1631153640000,11.868,11.898,11.738,11.795,37759.37
1631153700000,11.786,11.792,11.323,11.459,143686.94
1631153760000,11.462,11.567,11.414,11.479,49477.21
1631153820000,11.468,11.7,11.383,11.7,67380.06
1631153880000,11.686,11.789,11.6,11.735,47293.56
1631153940000,11.748,11.76,11.62,11.652,41890.32
1631154000000,11.636,11.779,11.6,11.779,31393.31
1631154060000,11.78,12.189,11.711,12.136,86828.73
1631154120000,12.136,12.138,11.816,11.939,104660.7
1631154180000,11.963,12.25,11.913,12.158,94133.25
1631154240000,12.156,12.389,12.127,12.388,93091.07
1631154300000,12.374,12.673,12.259,12.6,200774.1
1631154360000,12.6,12.799,12.368,12.45,136928.85
1631154420000,12.463,12.653,12.368,12.559,59253.85
1631154480000,12.57,12.7,12.543,12.599,56919.86
1631154540000,12.599,12.599,12.465,12.519,72047.01
1631154600000,12.518,12.518,12.34,12.385,51863.73
1631154660000,12.386,12.758,12.386,12.721,46031.98
1631154720000,12.735,13.175,12.735,13.111,177460.25
1631154780000,13.14,13.3,13.045,13.2,152241.92
1631154840000,13.188,13.216,12.744,12.933,76790.1
1631154900000,12.931,13.075,12.801,12.996,57905.48
1631154960000,12.991,13.148,12.851,12.943,98467.26
1631155020000,12.938,12.943,12.637,12.768,60081.86
1631155080000,12.787,13.131,12.779,13.054,54288.1
1631155140000,13.045,13.19,12.9,13.089,106879.41
1631155200000,13.071,13.47,13.036,13.401,118536.34
1631155260000,13.438,13.47,13.094,13.279,114100.06
1631155320000,13.266,13.279,12.907,13.07,63292.09
1631155380000,13.083,13.268,13.07,13.161,26869.59
1631155440000,13.155,13.378,13.155,13.225,53968.63
1631155500000,13.225,13.289,13.003,13.004,48183.28
1631155560000,13.039,13.089,12.908,12.909,27035.86
1631155620000,12.911,12.913,12.52,12.626,113929.39
1631155680000,12.621,12.649,12.501,12.501,72216.9
1631155740000,12.52,12.777,12.426,12.771,46012.62
1631155800000,12.746,12.955,12.681,12.684,42492.59
1631155860000,12.778,13.1,12.728,13.098,33595.87
1631155920000,13.1,13.348,13.098,13.294,60973.24
1631155980000,13.293,13.649,13.265,13.624,119581.2
1631156040000,13.611,13.611,13.278,13.324,43935.61
1631156100000,13.319,13.874,13.313,13.825,111012.11
1631156160000,13.824,14.148,13.645,14.148,126276.54
1631156220000,14.141,14.209,13.85,14.208,141243.23
1631156280000,14.208,14.4,14.146,14.154,125100.08
1631156340000,14.154,14.5,14.0,14.276,97808.32
1631156400000,14.289,14.393,13.833,13.881,111340.82
1631156460000,13.883,13.977,13.534,13.909,100353.7
1631156520000,13.909,14.393,13.8,14.391,64336.24
1631156580000,14.391,14.849,14.381,14.587,148273.07
1631156640000,14.596,14.675,14.348,14.41,105680.43
1631156700000,14.401,14.599,13.622,14.098,209734.91
1631156760000,14.098,14.456,14.043,14.22,55580.47
1631156820000,14.22,14.274,13.957,14.161,57423.73
1631156880000,14.158,14.295,14.075,14.295,38694.32
1631156940000,14.294,14.549,14.283,14.289,63037.24
1631157000000,14.299,14.648,14.1,14.539,69118.73
1631157060000,14.539,14.601,14.2,14.39,41709.69
1631157120000,14.384,14.647,14.354,14.647,48252.48
1631157180000,14.637,14.655,14.411,14.489,67146.86
1631157240000,14.48,14.581,14.2,14.2,66413.48
1631157300000,14.199,14.373,14.13,14.373,35813.93
1631157360000,14.365,14.379,14.122,14.195,36573.22
1631157420000,14.192,14.295,14.095,14.101,32666.32
1631157480000,14.123,14.123,13.821,13.837,55087.92
1631157540000,13.826,13.848,13.422,13.668,117168.44
1631157600000,13.669,13.915,13.574,13.761,56563.92
1631157660000,13.761,13.843,13.699,13.843,23417.84
1631157720000,13.845,14.0,13.832,13.919,47794.46
1631157780000,13.932,13.965,13.798,13.898,38038.23
1631157840000,13.894,13.975,13.809,13.832,20136.2
1631157900000,13.832,13.941,13.567,13.81,100409.76
1631157960000,13.804,13.837,13.688,13.698,14735.9
1631158020000,13.692,13.698,13.44,13.471,24892.4
1631158080000,13.471,13.599,13.323,13.599,66785.93
1631158140000,13.599,13.671,13.463,13.489,24128.23
1631158200000,13.478,13.521,13.123,13.165,41692.93
1631158260000,13.186,13.213,13.0,13.21,96551.76
1631158320000,13.21,13.349,13.152,13.2,53615.99
1631158380000,13.2,13.31,13.099,13.125,65335.38
1631158440000,13.123,13.15,12.833,12.949,69125.72
1631158500000,12.952,13.14,12.85,12.9,115916.82
1631158560000,12.883,13.112,12.803,13.098,55444.86
1631158620000,13.097,13.299,13.095,13.175,34646.35
1631158680000,13.171,13.299,13.102,13.296,24677.83
1631158740000,13.293,13.347,13.164,13.234,35542.84
1631158800000,13.225,13.436,13.2,13.433,27967.76
1631158860000,13.433,13.448,13.292,13.444,31830.22
1631158920000,13.432,13.549,13.432,13.535,36564.87
1631158980000,13.535,13.711,13.509,13.708,34435.53
1631159040000,13.711,13.766,13.663,13.692,40842.43
1631159100000,13.7,13.91,13.699,13.857,51783.21
1631159160000,13.862,13.999,13.853,13.971,59911.2
1631159220000,13.971,13.978,13.636,13.717,44400.66
1631159280000,13.718,13.749,13.55,13.55,42007.29
1631159340000,13.55,13.64,13.55,13.629,30458.89
1631159400000,13.623,13.623,13.353,13.418,32269.21
1631159460000,13.419,13.498,13.288,13.494,23601.17
1631159520000,13.488,13.531,13.422,13.476,13089.26
1631159580000,13.481,13.481,13.369,13.421,13885.06
1631159640000,13.406,13.413,13.323,13.382,15176.2
1631159700000,13.382,13.394,13.115,13.131,42843.49
1631159760000,13.12,13.365,13.11,13.35,20931.92
1631159820000,13.352,13.528,13.35,13.508,25070.2
1631159880000,13.48,13.549,13.4,13.547,30475.48
1631159940000,13.515,13.548,13.478,13.499,7030.51
1631160000000,13.499,13.549,13.466,13.521,16156.88
1631160060000,13.521,13.773,13.501,13.77,21440.81
1631160120000,13.77,14.038,13.751,14.0,47227.78
1631160180000,14.029,14.099,13.722,13.755,41552.18
1631160240000,13.755,13.877,13.702,13.803,28132.63
1631160300000,13.783,13.849,13.734,13.832,32350.0
1631160360000,13.839,13.983,13.682,13.703,23121.99
1631160420000,13.702,13.715,13.537,13.647,22586.77
1631160480000,13.652,13.66,13.521,13.521,7229.96
1631160540000,13.524,13.554,13.29,13.332,25864.13
1631160600000,13.334,13.546,13.316,13.523,16683.2
1631160660000,13.523,13.6,13.498,13.586,5126.22
1631160720000,13.573,13.608,13.543,13.6,11683.03
1631160780000,13.6,13.609,13.545,13.549,11403.91
1631160840000,13.555,13.564,13.301,13.303,23274.75
1631160900000,13.303,13.313,12.898,13.022,67121.02
1631160960000,13.023,13.261,13.0,13.2,33897.82
1631161020000,13.2,13.298,13.195,13.234,13943.51
1631161080000,13.234,13.27,13.221,13.239,11182.28
1631161140000,13.24,13.241,13.239,13.239,17566.06
1631161200000,13.239,13.24,13.181,13.183,8767.18
1631161260000,13.183,13.186,13.0,13.006,26283.77
1631161320000,13.018,13.024,12.885,12.93,24144.27
1631161380000,12.931,12.94,12.887,12.922,13299.19
1631161440000,12.915,12.981,12.836,12.95,23919.47
1631161500000,12.95,13.108,12.931,13.102,27826.25
1631161560000,13.075,13.239,13.049,13.147,17681.58
1631161620000,13.142,13.16,12.9,13.129,27168.23
1631161680000,13.152,13.152,12.991,13.013,19135.59
1631161740000,13.005,13.025,12.9,12.924,25076.35
1631161800000,12.923,12.999,12.919,12.968,10352.54
1631161860000,12.966,12.97,12.846,12.87,13769.93
1631161920000,12.87,12.871,12.679,12.696,31126.06
1631161980000,12.695,12.812,12.685,12.738,31871.68
1631162040000,12.725,12.81,12.721,12.765,12310.25
1631162100000,12.755,12.774,12.631,12.694,27691.27
1631162160000,12.7,12.701,12.622,12.674,18238.85
1631162220000,12.669,12.689,12.578,12.578,43098.74
1631162280000,12.58,12.601,12.422,12.512,64529.52
1631162340000,12.482,12.5,12.4,12.422,30833.08
1631162400000,12.423,12.432,12.321,12.36,46348.85
1631162460000,12.36,12.499,12.264,12.477,60068.91
1631162520000,12.472,12.68,12.458,12.663,63103.79
1631162580000,12.663,12.7,12.612,12.688,24358.28
1631162640000,12.696,12.721,12.624,12.647,13430.71
1631162700000,12.647,12.761,12.643,12.668,27295.1
1631162760000,12.669,12.708,12.635,12.708,11644.65
1631162820000,12.7,12.708,12.671,12.704,11884.84
1631162880000,12.7,12.701,12.654,12.687,10363.08
1631162940000,12.677,12.706,12.654,12.697,8580.89
1631163000000,12.697,12.71,12.687,12.693,6523.81
1631163060000,12.707,12.77,12.686,12.755,16529.48
1631163120000,12.755,12.77,12.707,12.758,8563.36
1631163180000,12.76,12.767,12.7,12.76,9145.22
1631163240000,12.753,12.937,12.753,12.937,16120.31
1631163300000,12.928,12.995,12.915,12.938,42232.38
1631163360000,12.938,12.955,12.813,12.815,20887.89
1631163420000,12.815,12.815,12.675,12.7,20355.9
1631163480000,12.7,12.7,12.391,12.4,39182.47
1631163540000,12.4,12.426,12.295,12.344,50612.05
1631163600000,12.342,12.548,12.33,12.515,20211.35
1631163660000,12.523,12.529,12.333,12.426,78627.71
1631163720000,12.413,12.521,12.413,12.498,13195.11
1631163780000,12.48,12.6,12.479,12.49,11687.39
1631163840000,12.491,12.493,12.395,12.422,12802.34
1631163900000,12.422,12.457,12.404,12.41,3750.4
1631163960000,12.41,12.413,12.37,12.389,16907.72
1631164020000,12.382,12.386,12.156,12.237,44633.93
1631164080000,12.239,12.45,12.215,12.424,14123.16
1631164140000,12.424,12.54,12.383,12.52,8788.07
1631164200000,12.52,12.84,12.501,12.767,22918.97
1631164260000,12.795,12.846,12.7,12.7,28781.44
1631164320000,12.7,12.701,12.492,12.512,14092.82
1631164380000,12.511,12.548,12.435,12.45,15561.73
1631164440000,12.449,12.461,12.402,12.408,9419.65
1631164500000,12.408,12.435,12.399,12.426,6727.48
1631164560000,12.426,12.436,12.421,12.43,3900.62
1631164620000,12.43,12.594,12.43,12.569,12122.65
1631164680000,12.569,12.635,12.562,12.577,9792.76
1631164740000,12.567,12.574,12.461,12.534,11571.71
1631164800000,12.544,12.7,12.536,12.688,11222.43
1631164860000,12.699,13.0,12.69,12.99,58968.45
1631164920000,12.99,13.199,12.939,13.179,77795.52
1631164980000,13.177,13.192,12.918,13.0,41886.76
1631165040000,12.993,13.177,12.951,13.101,67520.63
1631165100000,13.101,13.3,13.043,13.285,53664.5
1631165160000,13.297,13.345,13.078,13.121,44168.78
1631165220000,13.115,13.199,13.11,13.179,18133.84
1631165280000,13.169,13.171,12.924,12.966,16862.1
1631165340000,12.966,13.047,12.901,13.033,9047.08
1631165400000,13.041,13.046,12.8,12.8,19810.37
1631165460000,12.809,12.809,12.691,12.771,15902.86
1631165520000,12.799,12.806,12.569,12.667,33941.28
1631165580000,12.668,12.819,12.661,12.785,12610.77
1631165640000,12.795,12.871,12.774,12.845,5328.68
1631165700000,12.843,12.864,12.785,12.791,9408.68
1631165760000,12.791,12.828,12.779,12.784,5707.2
1631165820000,12.784,12.788,12.684,12.691,6651.75
1631165880000,12.691,12.695,12.64,12.64,9477.1
1631165940000,12.64,12.642,12.602,12.609,2244.34
1631166000000,12.604,12.632,12.6,12.603,4066.56
1631166060000,12.613,12.968,12.608,12.935,28850.8
1631166120000,12.933,12.942,12.88,12.889,15346.89
1631166180000,12.905,12.911,12.851,12.889,4567.46
1631166240000,12.888,12.893,12.841,12.88,5535.41
1631166300000,12.881,12.926,12.832,12.832,11142.14
1631166360000,12.831,12.85,12.66,12.68,3475.83
1631166420000,12.677,12.694,12.658,12.668,2602.01
1631166480000,12.668,12.668,12.541,12.585,13747.54
1631166540000,12.585,12.586,12.54,12.554,3626.69
1631166600000,12.556,12.601,12.556,12.57,7926.88
1631166660000,12.57,12.765,12.569,12.759,14958.84
1631166720000,12.759,12.95,12.705,12.909,20516.94
1631166780000,12.92,12.959,12.836,12.897,12396.28
1631166840000,12.891,12.979,12.817,12.833,17814.05
1631166900000,12.836,12.839,12.562,12.576,32909.33
1631166960000,12.575,12.6,12.479,12.574,30169.25
1631167020000,12.574,12.578,12.501,12.567,7367.77
1631167080000,12.566,12.578,12.566,12.567,5717.4
1631167140000,12.567,12.601,12.566,12.592,71978.66
1631167200000,12.584,12.765,12.583,12.75,9621.73
1631167260000,12.751,12.779,12.724,12.739,10135.5
1631167320000,12.735,12.739,12.723,12.725,2150.28
1631167380000,12.727,12.733,12.606,12.626,5962.14
1631167440000,12.625,12.626,12.588,12.6,2462.89
1631167500000,12.59,12.59,12.51,12.51,8555.35
1631167560000,12.51,12.51,12.422,12.474,11381.08
1631167620000,12.477,12.477,12.399,12.42,5644.76
1631167680000,12.415,12.415,12.269,12.306,68947.19
1631167740000,12.31,12.324,12.278,12.307,19498.34
1631167800000,12.308,12.429,12.3,12.42,12638.54
1631167860000,12.426,12.428,12.363,12.377,7853.75
1631167920000,12.39,12.4,12.334,12.371,4493.5
1631167980000,12.37,12.38,12.34,12.369,9585.21
1631168040000,12.37,12.373,12.33,12.351,9214.75
1631168100000,12.355,12.623,12.317,12.342,13151.15
1631168160000,12.336,12.367,12.206,12.206,10496.61
1631168220000,12.211,12.219,12.123,12.125,19307.49
1631168280000,12.126,12.13,11.888,11.973,67830.4
1631168340000,11.977,12.047,11.95,12.042,25850.75
1631168400000,12.04,12.178,12.026,12.143,15921.88
1631168460000,12.144,12.16,12.052,12.062,22585.13
1631168520000,12.066,12.102,12.052,12.063,5227.5
1631168580000,12.063,12.112,12.057,12.098,10556.49
1631168640000,12.099,12.099,11.9,11.928,48301.42
1631168700000,11.927,11.931,11.808,11.903,16201.77
1631168760000,11.901,11.909,11.767,11.781,27281.02
1631168820000,11.781,11.786,11.682,11.689,23852.89
1631168880000,11.689,11.941,11.678,11.914,28355.27
1631168940000,11.92,11.929,11.756,11.81,22206.01
1631169000000,11.81,12.026,11.81,12.017,23483.29
1631169060000,12.017,12.037,11.936,11.977,14609.15
1631169120000,11.976,11.977,11.94,11.945,8705.87
1631169180000,11.952,12.012,11.944,12.007,15615.16
1631169240000,12.013,12.157,11.943,12.069,26553.49
1631169300000,12.066,12.106,11.993,12.078,14871.24
1631169360000,12.072,12.092,12.045,12.085,5736.92
1631169420000,12.083,12.1,12.077,12.094,9320.53
1631169480000,12.094,12.13,12.093,12.13,4259.26
1631169540000,12.131,12.216,12.124,12.199,10286.15
1631169600000,12.198,12.216,12.152,12.175,11554.21
1631169660000,12.17,12.182,12.027,12.107,22946.76
1631169720000,12.107,12.107,12.044,12.08,13484.15
1631169780000,12.078,12.179,12.05,12.074,11921.94
1631169840000,12.066,12.08,11.992,11.999,13870.21
1631169900000,11.999,12.0,11.962,11.971,10364.42
1631169960000,11.971,11.971,11.904,11.904,11732.7
1631170020000,11.905,11.912,11.865,11.9,6586.78
1631170080000,11.899,11.9,11.8,11.8,28631.77
1631170140000,11.8,11.801,11.64,11.66,23044.8
1631170200000,11.667,11.757,11.642,11.746,31986.29
1631170260000,11.736,11.763,11.666,11.678,17666.57
1631170320000,11.676,11.715,11.671,11.708,11361.24
1631170380000,11.711,11.78,11.71,11.743,19705.84
1631170440000,11.743,11.743,11.685,11.687,15387.7
1631170500000,11.681,11.688,11.53,11.594,27795.2
1631170560000,11.594,11.594,11.514,11.569,26895.1
1631170620000,11.573,11.659,11.55,11.643,12378.86
1631170680000,11.656,11.776,11.651,11.759,13437.43
1631170740000,11.753,11.766,11.706,11.749,10527.08
1631170800000,11.75,11.753,11.65,11.664,19004.83
1631170860000,11.664,11.664,11.484,11.499,21276.37
1631170920000,11.499,11.562,11.457,11.513,27009.74
1631170980000,11.513,11.65,11.5,11.638,18055.41
1631171040000,11.625,11.717,11.624,11.628,11861.05
1631171100000,11.628,11.628,11.555,11.609,9374.87
1631171160000,11.604,11.647,11.582,11.647,6224.78
1631171220000,11.647,11.851,11.643,11.845,16176.15
1631171280000,11.846,11.88,11.748,11.752,14797.65
1631171340000,11.759,11.808,11.715,11.799,9162.14
1631171400000,11.8,11.87,11.785,11.857,12928.57
1631171460000,11.857,11.928,11.856,11.908,34886.1
1631171520000,11.905,11.905,11.8,11.816,23577.6
1631171580000,11.814,11.848,11.8,11.829,3684.66
1631171640000,11.829,11.83,11.8,11.804,6534.63
1631171700000,11.807,11.81,11.8,11.802,12165.6
1631171760000,11.802,11.81,11.8,11.805,2861.99
1631171820000,11.808,11.81,11.8,11.808,21078.84
1631171880000,11.808,11.81,11.756,11.787,44907.9
1631171940000,11.787,11.787,11.601,11.659,17927.63
1631172000000,11.656,11.7,11.631,11.669,15395.15
1631172060000,11.666,11.7,11.649,11.654,11242.64
1631172120000,11.676,11.702,11.666,11.679,8128.95
1631172180000,11.68,11.694,11.65,11.664,8858.46
1631172240000,11.667,11.67,11.65,11.664,2920.17
1631172300000,11.663,11.663,11.494,11.579,30581.75
1631172360000,11.584,11.591,11.47,11.48,7736.59
1631172420000,11.488,11.49,11.4,11.402,27391.79
1631172480000,11.401,11.445,11.4,11.435,34336.4
1631172540000,11.434,11.435,11.4,11.408,19875.24
1631172600000,11.408,11.417,11.311,11.313,14790.51
1631172660000,11.313,11.489,11.302,11.44,34630.65
1631172720000,11.448,11.583,11.425,11.487,22544.17
1631172780000,11.487,11.693,11.462,11.532,41444.01
1631172840000,11.531,11.642,11.52,11.602,10652.08
1631172900000,11.604,11.661,11.585,11.607,10362.35
1631172960000,11.612,11.692,11.599,11.648,16816.38
1631173020000,11.644,11.85,11.632,11.79,45839.84
1631173080000,11.79,11.83,11.714,11.72,25261.76
1631173140000,11.734,11.844,11.727,11.832,21456.38
1631173200000,11.817,11.866,11.6,11.662,80140.01
1631173260000,11.669,11.778,11.609,11.668,34161.64
1631173320000,11.664,11.69,11.6,11.652,10332.3
1631173380000,11.655,11.655,11.5,11.513,26580.3
1631173440000,11.504,11.558,11.464,11.558,8754.73
1631173500000,11.559,11.635,11.555,11.627,5001.88
1631173560000,11.627,11.718,11.626,11.711,18473.97
1631173620000,11.71,11.725,11.636,11.689,10282.59
1631173680000,11.69,11.8,11.69,11.799,5923.1
1631173740000,11.789,11.926,11.786,11.881,28330.67
1631173800000,11.893,11.94,11.78,11.801,19195.38
1631173860000,11.799,11.83,11.784,11.824,8166.15
1631173920000,11.811,11.988,11.808,11.959,39818.89
1631173980000,11.959,12.1,11.956,12.082,58619.98
1631174040000,12.071,12.4,12.057,12.176,57346.84
1631174100000,12.18,12.185,12.01,12.036,30762.94
1631174160000,12.037,12.333,12.035,12.297,34120.0
1631174220000,12.294,12.298,12.113,12.24,37193.37
1631174280000,12.245,12.282,12.147,12.177,11028.08
1631174340000,12.177,12.187,11.936,11.939,69262.09
1631174400000,11.949,11.986,11.835,11.882,34150.68
1631174460000,11.885,11.906,11.805,11.884,13077.27
1631174520000,11.89,11.906,11.85,11.851,6376.56
1631174580000,11.851,11.974,11.811,11.912,20564.52
1631174640000,11.917,12.179,11.917,12.151,36966.2
1631174700000,12.156,12.262,12.156,12.215,16140.62
1631174760000,12.232,12.39,12.174,12.36,27787.11
1631174820000,12.361,12.6,12.35,12.379,101128.03
1631174880000,12.379,12.501,12.211,12.449,37935.37
1631174940000,12.446,12.55,12.402,12.5,34103.73
1631175000000,12.499,12.581,12.44,12.459,23892.75
1631175060000,12.459,12.46,12.311,12.405,17607.99
1631175120000,12.411,12.497,12.308,12.413,32160.13
1631175180000,12.407,12.416,12.272,12.3,17148.54
1631175240000,12.299,12.394,12.271,12.331,7134.27
1631175300000,12.326,12.329,12.299,12.3,4739.32
1631175360000,12.301,12.301,12.183,12.227,10293.64
1631175420000,12.216,12.223,12.042,12.079,30837.63
1631175480000,12.086,12.294,12.063,12.294,26279.91
1631175540000,12.281,12.4,12.276,12.379,11303.68
1631175600000,12.391,12.502,12.363,12.437,18381.59
1631175660000,12.444,12.6,12.433,12.433,22931.48
1631175720000,12.456,12.5,12.433,12.486,7382.52
1631175780000,12.487,12.502,12.344,12.377,18254.96
1631175840000,12.371,12.8,12.366,12.608,51064.55
1631175900000,12.608,12.641,12.48,12.57,21311.79
1631175960000,12.563,12.747,12.559,12.624,29508.86
1631176020000,12.611,12.777,12.609,12.777,26881.08
1631176080000,12.772,12.95,12.744,12.921,60081.34
1631176140000,12.924,13.1,12.851,13.015,60858.29
1631176200000,13.009,13.402,12.926,13.303,126986.03
1631176260000,13.303,13.433,13.263,13.263,76405.3
1631176320000,13.263,13.4,13.052,13.27,58823.0
1631176380000,13.275,13.322,12.91,13.005,110506.58
1631176440000,13.005,13.262,12.981,13.245,27308.73
1631176500000,13.232,13.3,13.172,13.274,39852.12
1631176560000,13.273,13.437,13.074,13.201,35345.7
1631176620000,13.201,13.279,13.182,13.266,11887.59
1631176680000,13.267,13.7,13.265,13.568,90374.37
1631176740000,13.579,13.799,13.527,13.717,53368.42
1631176800000,13.718,13.8,13.503,13.565,53024.65
1631176860000,13.557,13.725,13.503,13.528,47543.54
1631176920000,13.505,13.62,13.25,13.434,84382.26
1631176980000,13.43,13.432,13.121,13.123,47976.4
1631177040000,13.119,13.28,13.044,13.245,53738.54
1631177100000,13.26,13.3,12.979,12.984,49119.09
1631177160000,12.995,13.145,12.983,13.044,21219.68
1631177220000,13.044,13.098,12.9,12.9,37605.22
1631177280000,12.902,12.929,12.733,12.827,68732.49
1631177340000,12.819,12.923,12.781,12.872,18297.65
1631177400000,12.89,12.917,12.733,12.772,32148.86
1631177460000,12.741,12.901,12.641,12.831,39414.14
1631177520000,12.829,12.883,12.767,12.794,17279.33
1631177580000,12.794,12.799,12.667,12.711,20710.75
1631177640000,12.736,12.76,12.68,12.681,14597.72
1631177700000,12.681,12.719,12.601,12.626,25524.35
1631177760000,12.627,12.706,12.6,12.648,14579.56
1631177820000,12.632,12.833,12.629,12.769,37096.63
1631177880000,12.768,12.848,12.764,12.822,18121.19
1631177940000,12.813,12.864,12.697,12.761,21410.7
1631178000000,12.769,12.79,12.6,12.659,19805.61
1631178060000,12.633,12.633,12.505,12.515,40848.24
1631178120000,12.519,12.572,12.443,12.518,22139.17
1631178180000,12.518,12.589,12.479,12.578,17121.4
1631178240000,12.579,12.656,12.562,12.61,12856.74
1631178300000,12.616,12.75,12.585,12.693,17570.09
1631178360000,12.692,12.75,12.691,12.74,17173.49
1631178420000,12.738,12.758,12.683,12.695,12222.41
1631178480000,12.693,12.693,12.617,12.628,5208.44
1631178540000,12.628,12.709,12.564,12.699,12403.17
1631178600000,12.706,12.983,12.706,12.95,31438.36
1631178660000,12.941,12.989,12.769,12.891,25772.27
1631178720000,12.888,13.103,12.859,13.087,28755.73
1631178780000,13.089,13.1,12.842,12.842,23995.67
1631178840000,12.842,12.871,12.779,12.842,9259.61
1631178900000,12.839,12.859,12.665,12.722,16493.85
1631178960000,12.725,12.733,12.622,12.657,13661.53
1631179020000,12.66,12.699,12.64,12.667,7999.18
1631179080000,12.661,12.7,12.66,12.685,5826.37
1631179140000,12.683,12.693,12.682,12.685,2804.28
1631179200000,12.684,12.7,12.682,12.696,4294.23
1631179260000,12.699,12.728,12.696,12.722,3877.78
1631179320000,12.714,12.793,12.706,12.791,6087.23
1631179380000,12.791,12.871,12.737,12.86,33414.79
1631179440000,12.866,12.999,12.866,12.991,12278.84
1631179500000,12.99,13.181,12.952,13.169,62633.58
1631179560000,13.169,13.485,13.112,13.385,100096.27
1631179620000,13.424,13.526,13.257,13.305,104169.87
1631179680000,13.349,13.526,13.257,13.483,71214.73
1631179740000,13.494,13.5,13.314,13.314,14195.81
1631179800000,13.313,13.422,13.301,13.391,19228.58
1631179860000,13.39,13.55,13.35,13.541,27812.92
1631179920000,13.536,13.626,13.48,13.599,30466.83
1631179980000,13.596,13.673,13.531,13.633,48511.4
1631180040000,13.67,13.771,13.602,13.75,52623.6
1631180100000,13.75,13.949,13.733,13.899,88867.93
1631180160000,13.872,13.938,13.536,13.585,56092.6
1631180220000,13.601,13.645,13.25,13.393,55977.27
1631180280000,13.396,13.588,13.393,13.565,27458.52
1631180340000,13.562,13.583,13.35,13.481,33370.08
1631180400000,13.467,13.546,13.434,13.472,18330.11
1631180460000,13.465,13.497,13.311,13.311,20636.37
1631180520000,13.314,13.323,13.171,13.171,19031.12
1631180580000,13.171,13.289,13.15,13.28,16279.48
1631180640000,13.285,13.371,13.263,13.367,12772.38
1631180700000,13.358,13.48,13.352,13.466,14073.1
1631180760000,13.471,13.589,13.386,13.452,15722.99
1631180820000,13.459,13.47,13.3,13.404,27074.67
1631180880000,13.406,13.438,13.35,13.372,9213.66
1631180940000,13.367,13.373,13.31,13.326,5334.49
1631181000000,13.326,13.339,13.211,13.285,27454.91
1631181060000,13.28,13.285,13.112,13.117,13072.38
1631181120000,13.114,13.28,13.1,13.268,19040.0
1631181180000,13.257,13.378,13.239,13.356,14359.8
1631181240000,13.341,13.354,13.101,13.12,14972.74
1631181300000,13.122,13.312,13.112,13.275,6904.51
1631181360000,13.275,13.3,13.209,13.262,15452.53
1631181420000,13.263,13.28,13.262,13.263,3763.52
1631181480000,13.262,13.282,13.13,13.163,4681.26
1631181540000,13.153,13.177,12.954,12.972,21506.42
1631181600000,12.964,12.999,12.853,12.886,30229.45
1631181660000,12.878,12.986,12.878,12.911,12048.74
1631181720000,12.903,12.951,12.9,12.9,8348.97
1631181780000,12.9,12.946,12.9,12.907,12705.61
1631181840000,12.907,13.0,12.907,12.931,9758.63
1631181900000,12.935,13.1,12.933,13.087,16462.04
1631181960000,13.076,13.16,13.067,13.155,18237.9
1631182020000,13.133,13.31,13.132,13.207,23412.59
1631182080000,13.207,13.28,13.2,13.247,25398.15
1631182140000,13.248,13.341,13.248,13.295,19133.42
1631182200000,13.293,13.317,13.214,13.252,14962.16
1631182260000,13.25,13.252,13.095,13.095,20673.83
1631182320000,13.096,13.098,12.967,13.034,15654.92
1631182380000,13.035,13.181,13.016,13.084,6039.9
1631182440000,13.06,13.192,13.032,13.117,8034.21
1631182500000,13.11,13.127,13.044,13.086,4801.72
1631182560000,13.086,13.3,13.072,13.289,19770.85
1631182620000,13.286,13.29,13.144,13.25,9489.47
1631182680000,13.229,13.248,13.124,13.135,5551.26
1631182740000,13.135,13.143,13.003,13.023,8647.5
1631182800000,13.025,13.049,12.956,12.96,9751.45
1631182860000,12.97,12.974,12.773,12.819,30668.74
1631182920000,12.818,12.82,12.569,12.595,54270.53
1631182980000,12.596,12.623,12.527,12.565,34646.03
1631183040000,12.563,12.685,12.527,12.677,29027.11
1631183100000,12.675,12.743,12.66,12.707,19887.2
1631183160000,12.705,12.705,12.523,12.551,21542.7
1631183220000,12.549,12.657,12.539,12.648,12964.13
1631183280000,12.648,12.7,12.6,12.663,10216.25
1631183340000,12.663,12.679,12.626,12.666,2906.09
1631183400000,12.666,12.788,12.665,12.785,10838.16
1631183460000,12.785,12.981,12.772,12.918,18540.17
1631183520000,12.913,12.969,12.886,12.958,5105.05
1631183580000,12.959,12.965,12.858,12.858,9361.78
1631183640000,12.866,12.884,12.75,12.75,5059.06
1631183700000,12.742,12.744,12.707,12.71,5661.69
1631183760000,12.709,12.727,12.61,12.638,4860.52
1631183820000,12.625,12.639,12.547,12.547,10574.92
1631183880000,12.547,12.681,12.5,12.661,20298.38
1631183940000,12.661,12.729,12.637,12.647,5786.13
1631184000000,12.655,12.85,12.618,12.845,14091.43
1631184060000,12.846,12.909,12.835,12.852,4543.8
1631184120000,12.844,12.844,12.625,12.641,10431.19
1631184180000,12.64,12.789,12.621,12.743,8492.45
1631184240000,12.749,12.761,12.671,12.671,8037.61
1631184300000,12.678,12.678,12.6,12.631,5888.61
1631184360000,12.627,12.701,12.608,12.614,4565.04
1631184420000,12.629,12.795,12.602,12.734,21715.91
1631184480000,12.751,12.783,12.612,12.711,6563.5
1631184540000,12.719,12.872,12.7,12.865,9090.67
1631184600000,12.872,12.881,12.8,12.847,6684.46
1631184660000,12.864,12.875,12.754,12.775,15937.26
1631184720000,12.78,12.803,12.765,12.792,4548.9
1631184780000,12.791,13.034,12.791,12.968,43280.97
1631184840000,12.966,13.043,12.931,12.935,16667.8
1631184900000,12.922,12.923,12.838,12.913,6630.6
1631184960000,12.902,13.0,12.902,12.96,9023.85
1631185020000,12.99,13.138,12.99,13.09,19556.88
1631185080000,13.09,13.258,13.088,13.252,38839.41
1631185140000,13.252,13.293,13.111,13.142,24659.63
1631185200000,13.147,13.19,13.01,13.012,18340.32
1631185260000,13.01,13.082,13.01,13.05,8834.06
1631185320000,13.05,13.25,13.049,13.241,27303.15
1631185380000,13.243,13.326,13.201,13.307,32049.09
1631185440000,13.308,13.35,13.256,13.284,20089.72
1631185500000,13.291,13.291,13.067,13.067,11943.5
1631185560000,13.071,13.085,13.038,13.047,3971.86
1631185620000,13.046,13.286,13.04,13.201,8015.02
1631185680000,13.188,13.349,13.157,13.309,11972.8
1631185740000,13.306,13.34,13.221,13.275,11237.04
1631185800000,13.263,13.265,13.111,13.118,6116.33
1631185860000,13.117,13.262,13.073,13.258,9370.78
1631185920000,13.258,13.262,13.111,13.135,12089.09
1631185980000,13.139,13.193,13.127,13.166,1742.05
1631186040000,13.168,13.2,13.147,13.18,4923.23
1631186100000,13.177,13.198,13.162,13.179,3672.76
1631186160000,13.175,13.248,13.175,13.247,7267.21
1631186220000,13.248,13.387,13.247,13.355,24230.2
1631186280000,13.355,13.606,13.315,13.605,63529.99
1631186340000,13.603,13.789,13.601,13.66,43867.02
1631186400000,13.658,13.737,13.5,13.575,41199.57
1631186460000,13.579,13.835,13.579,13.787,105308.28
1631186520000,13.785,13.788,13.441,13.5,21666.17
1631186580000,13.5,13.573,13.453,13.474,11414.61
1631186640000,13.482,13.486,13.378,13.382,13860.19
1631186700000,13.382,13.723,13.376,13.676,36708.93
1631186760000,13.672,13.75,13.545,13.59,18105.23
1631186820000,13.597,13.67,13.542,13.6,17475.86
1631186880000,13.594,13.75,13.5,13.749,30239.89
1631186940000,13.749,13.784,13.685,13.69,33071.15
1631187000000,13.697,13.867,13.668,13.789,32374.27
1631187060000,13.787,14.098,13.717,14.07,205221.7
1631187120000,14.08,14.2,14.0,14.195,87029.06
1631187180000,14.193,14.619,14.136,14.4,144312.18
1631187240000,14.374,14.684,14.282,14.46,89934.26
1631187300000,14.492,14.82,14.424,14.765,108512.17
1631187360000,14.776,14.943,14.601,14.721,101692.47
1631187420000,14.722,15.12,14.697,15.12,182903.96
1631187480000,15.12,15.182,14.684,14.697,127252.57
1631187540000,14.69,14.8,14.343,14.618,105890.27
1631187600000,14.62,14.802,14.517,14.745,64012.31
1631187660000,14.757,14.78,14.525,14.7,37404.26
1631187720000,14.7,14.949,14.578,14.601,71038.72
1631187780000,14.609,14.69,14.279,14.561,89909.09
1631187840000,14.562,14.626,14.35,14.543,36775.73
1631187900000,14.544,14.599,14.263,14.4,36703.73
1631187960000,14.401,14.776,14.401,14.762,32157.81
1631188020000,14.751,14.9,14.6,14.702,87711.75
1631188080000,14.701,15.01,14.52,15.001,66033.59
1631188140000,15.001,15.338,14.914,15.179,170942.16
1631188200000,15.199,15.333,14.987,15.248,68672.86
1631188260000,15.25,15.6,15.201,15.533,182489.08
1631188320000,15.533,15.791,15.444,15.487,116217.25
1631188380000,15.488,15.791,15.45,15.666,74748.04
1631188440000,15.669,15.748,15.518,15.666,62468.46
1631188500000,15.656,15.656,15.307,15.588,55546.92
1631188560000,15.596,15.886,15.587,15.847,98768.34
1631188620000,15.83,15.848,15.4,15.468,82073.85
1631188680000,15.478,15.888,15.467,15.749,75919.72
1631188740000,15.745,16.1,15.643,16.082,148758.98
1631188800000,16.091,16.435,15.806,16.025,266863.66
1631188860000,16.049,16.089,15.605,15.784,138870.13
1631188920000,15.787,15.848,15.459,15.562,76623.58
1631188980000,15.533,15.75,15.504,15.75,61360.8
1631189040000,15.756,15.948,15.643,15.799,130494.02
1631189100000,15.769,15.838,15.55,15.552,36565.05
1631189160000,15.55,15.65,15.353,15.365,47455.34
1631189220000,15.365,15.372,15.144,15.23,96584.31
1631189280000,15.233,15.247,15.115,15.237,51352.0
1631189340000,15.237,15.3,15.04,15.08,87073.88
1631189400000,15.089,15.2,15.076,15.17,26200.22
1631189460000,15.182,15.242,15.15,15.187,40338.75
1631189520000,15.165,15.171,14.822,15.0,93451.02
1631189580000,15.0,15.087,14.966,15.045,21096.31
1631189640000,15.071,15.12,14.929,14.982,33862.46
1631189700000,14.98,15.39,14.969,15.255,74130.24
1631189760000,15.256,15.69,15.255,15.553,102408.67
1631189820000,15.554,15.626,15.358,15.397,50474.66
1631189880000,15.394,15.797,15.387,15.592,57905.36
1631189940000,15.58,15.726,15.484,15.484,44584.81
1631190000000,15.485,15.485,15.131,15.131,35153.09
1631190060000,15.138,15.299,15.101,15.18,26052.13
1631190120000,15.18,15.2,14.93,14.95,45190.25
1631190180000,14.96,15.217,14.904,15.177,31696.42
1631190240000,15.177,15.232,15.088,15.21,23398.36
1631190300000,15.2,15.263,15.1,15.142,19194.1
1631190360000,15.145,15.145,15.0,15.023,19033.27
1631190420000,15.012,15.048,14.863,15.018,41543.82
1631190480000,15.019,15.049,14.975,15.048,18159.27
1631190540000,15.049,15.19,15.043,15.175,28806.33
1631190600000,15.175,15.252,14.956,14.956,34501.65
1631190660000,14.957,15.043,14.645,14.645,68907.49
1631190720000,14.645,14.727,14.5,14.55,103319.56
1631190780000,14.555,14.64,14.4,14.402,68152.46
1631190840000,14.402,14.503,14.3,14.495,76386.37
1631190900000,14.481,14.499,13.976,13.999,146985.28
1631190960000,13.99,14.435,13.983,14.297,182439.28
1631191020000,14.295,14.374,14.131,14.218,59487.81
1631191080000,14.215,14.439,14.1,14.242,77658.68
1631191140000,14.243,14.25,13.919,14.058,101785.54
1631191200000,14.069,14.209,13.999,14.133,57613.9
1631191260000,14.139,14.22,13.98,13.982,89980.59
1631191320000,13.982,14.358,13.98,14.349,71879.53
1631191380000,14.334,14.4,14.147,14.242,59733.6
1631191440000,14.263,14.383,14.229,14.34,40032.86
1631191500000,14.333,14.333,14.118,14.123,35638.37
1631191560000,14.121,14.123,14.0,14.027,24471.22
1631191620000,14.018,14.197,13.99,14.055,26699.57
1631191680000,14.051,14.281,14.05,14.212,27779.84
1631191740000,14.211,14.4,14.159,14.396,31468.59
1631191800000,14.395,14.447,14.328,14.329,51048.84
1631191860000,14.332,14.444,14.284,14.423,25490.0
1631191920000,14.423,14.49,14.4,14.49,16178.88
1631191980000,14.49,14.542,14.373,14.533,43498.61
1631192040000,14.533,14.69,14.48,14.65,112129.28
1631192100000,14.663,14.663,14.513,14.634,46806.61
1631192160000,14.637,14.91,14.627,14.892,42595.75
1631192220000,14.868,15.13,14.868,14.921,67370.33
1631192280000,14.919,15.135,14.908,15.123,31385.49
1631192340000,15.121,15.197,14.73,14.804,64288.49
1631192400000,14.802,15.092,14.779,14.973,56777.81
1631192460000,14.973,14.998,14.888,14.951,21268.5
1631192520000,14.965,14.967,14.855,14.898,33643.5
1631192580000,14.892,14.898,14.588,14.636,66547.73
1631192640000,14.636,14.716,14.538,14.633,27709.76
1631192700000,14.61,14.617,14.442,14.463,32507.16
1631192760000,14.464,14.628,14.422,14.569,30129.86
1631192820000,14.585,14.671,14.552,14.671,21353.51
1631192880000,14.669,14.827,14.65,14.822,27099.12
1631192940000,14.822,14.837,14.378,14.526,100562.53
1631193000000,14.535,14.597,14.387,14.591,34335.24
1631193060000,14.591,14.776,14.588,14.76,13728.55
1631193120000,14.756,14.809,14.726,14.735,20558.02
1631193180000,14.735,14.735,14.394,14.552,41929.67
1631193240000,14.556,14.624,14.553,14.593,8292.62
1631193300000,14.593,14.626,14.457,14.475,17661.86
1631193360000,14.475,14.589,14.457,14.531,16577.57
1631193420000,14.531,14.544,14.5,14.523,8537.8
1631193480000,14.522,14.748,14.508,14.698,20395.75
1631193540000,14.698,14.764,14.674,14.74,11700.64
1631193600000,14.74,14.999,14.74,14.995,44471.16
1631193660000,14.987,15.24,14.977,15.201,65056.23
1631193720000,15.215,15.487,15.033,15.239,62965.44
1631193780000,15.218,15.218,15.088,15.092,19192.67
1631193840000,15.091,15.092,14.873,14.937,33166.19
1631193900000,14.935,14.941,14.857,14.884,14317.94
1631193960000,14.884,15.079,14.88,15.046,18236.11
1631194020000,15.043,15.056,14.831,14.868,33848.47
1631194080000,14.859,14.859,14.21,14.544,133022.49
1631194140000,14.543,14.671,14.5,14.513,25277.23
1631194200000,14.501,14.692,14.479,14.499,38480.22
1631194260000,14.498,14.499,14.364,14.427,24881.31
1631194320000,14.412,14.599,14.405,14.517,23036.94
1631194380000,14.52,14.6,14.505,14.6,13507.64
1631194440000,14.6,14.678,14.574,14.575,16917.3
1631194500000,14.567,14.567,14.352,14.41,24136.4
1631194560000,14.41,14.415,14.194,14.199,29053.34
1631194620000,14.194,14.214,14.133,14.177,23665.82
1631194680000,14.176,14.323,14.134,14.303,13505.72
1631194740000,14.303,14.39,14.288,14.387,21302.12
1631194800000,14.387,14.39,14.338,14.349,13861.89
1631194860000,14.348,14.369,14.2,14.222,16677.1
1631194920000,14.221,14.241,14.135,14.158,8019.81
1631194980000,14.154,14.311,14.149,14.205,14932.01
1631195040000,14.228,14.376,14.218,14.369,11387.82
1631195100000,14.353,14.354,14.045,14.128,24597.44
1631195160000,14.123,14.136,13.955,13.996,51196.28
1631195220000,13.976,13.977,13.8,13.867,56707.1
1631195280000,13.866,13.901,13.8,13.805,34399.52
1631195340000,13.806,14.017,13.71,13.978,53162.13
1631195400000,13.984,14.108,13.978,13.98,29705.75
1631195460000,13.995,14.0,13.793,13.864,27601.79
1631195520000,13.864,13.994,13.857,13.921,21616.4
1631195580000,13.921,14.036,13.918,13.975,25541.62
1631195640000,13.995,14.0,13.946,13.951,13210.31
1631195700000,13.955,13.969,13.818,13.822,14446.95
1631195760000,13.822,13.876,13.817,13.858,13722.66
1631195820000,13.868,13.88,13.85,13.864,21048.56
1631195880000,13.861,14.083,13.86,14.057,24742.42
1631195940000,14.079,14.158,14.063,14.142,27864.45
1631196000000,14.146,14.161,14.116,14.118,9336.58
1631196060000,14.118,14.269,14.117,14.268,18179.65
1631196120000,14.262,14.321,14.256,14.308,20270.74
1631196180000,14.308,14.4,14.306,14.39,16311.09
1631196240000,14.388,14.399,14.106,14.141,29482.39
1631196300000,14.18,14.208,13.957,14.071,19358.87
1631196360000,14.087,14.131,13.946,13.962,15455.38
1631196420000,13.957,13.959,13.897,13.956,18176.41
1631196480000,13.961,14.187,13.923,14.171,15471.8
1631196540000,14.167,14.2,14.055,14.112,14500.61
1631196600000,14.076,14.077,13.946,13.984,11508.83
1631196660000,13.982,13.984,13.937,13.945,5610.71
1631196720000,13.945,13.946,13.85,13.863,12308.85
1631196780000,13.863,13.872,13.67,13.673,119078.07
1631196840000,13.674,13.885,13.651,13.885,38561.58
1631196900000,13.885,14.121,13.884,14.116,37639.5
1631196960000,14.118,14.118,13.965,13.973,15060.02
1631197020000,13.973,14.063,13.915,14.059,12893.46
1631197080000,14.057,14.057,13.851,13.99,19141.5
1631197140000,13.995,14.119,13.995,14.076,17876.79
1631197200000,14.068,14.178,14.066,14.134,13473.67
1631197260000,14.134,14.146,13.971,13.992,33237.86
1631197320000,13.992,14.096,13.98,14.053,13696.28
1631197380000,14.055,14.065,13.951,13.974,10496.19
1631197440000,13.974,14.0,13.915,13.966,15684.39
1631197500000,13.967,13.987,13.946,13.948,3728.49
1631197560000,13.947,13.955,13.874,13.874,4806.07
1631197620000,13.873,13.957,13.752,13.854,50442.35
1631197680000,13.854,13.982,13.84,13.967,13052.46
1631197740000,13.981,14.074,13.969,14.047,10374.74
1631197800000,14.047,14.344,14.045,14.313,62132.63
1631197860000,14.312,14.315,14.121,14.151,26631.91
1631197920000,14.151,14.326,14.121,14.326,17783.79
1631197980000,14.321,14.435,14.28,14.43,31203.23
1631198040000,14.426,14.471,14.248,14.321,33965.98
1631198100000,14.321,14.5,14.309,14.454,36280.51
1631198160000,14.453,14.568,14.436,14.568,30945.31
1631198220000,14.566,14.718,14.528,14.702,25659.04
1631198280000,14.704,14.74,14.517,14.633,47026.84
1631198340000,14.633,14.657,14.451,14.575,20858.99
1631198400000,14.575,14.695,14.564,14.688,19079.55
1631198460000,14.693,14.825,14.689,14.822,25952.01
1631198520000,14.823,14.861,14.661,14.775,33782.99
1631198580000,14.779,14.9,14.779,14.897,28320.54
1631198640000,14.891,14.9,14.728,14.787,25644.1
1631198700000,14.779,14.98,14.779,14.964,24473.83
1631198760000,14.972,15.027,14.792,14.793,49217.02
1631198820000,14.796,14.796,14.483,14.63,40878.21
1631198880000,14.631,14.716,14.503,14.517,24541.99
1631198940000,14.517,14.7,14.503,14.556,27412.67
1631199000000,14.592,14.662,14.463,14.469,16605.39
1631199060000,14.47,14.543,14.45,14.511,21768.91
1631199120000,14.503,14.506,14.461,14.489,7340.97
1631199180000,14.489,14.509,14.447,14.447,8742.36
1631199240000,14.448,14.448,14.328,14.351,25554.7
1631199300000,14.351,14.527,14.349,14.506,15783.17
1631199360000,14.507,14.57,14.5,14.525,10203.98
1631199420000,14.524,14.525,14.501,14.52,7803.06
1631199480000,14.523,14.568,14.383,14.443,13592.55
1631199540000,14.395,14.407,14.323,14.352,6327.28
1631199600000,14.352,14.352,14.322,14.344,6618.14
1631199660000,14.342,14.352,14.327,14.349,8501.41
1631199720000,14.349,14.35,14.15,14.15,19845.41
1631199780000,14.152,14.3,14.15,14.296,24981.62
1631199840000,14.283,14.376,14.28,14.376,15114.97
1631199900000,14.376,14.573,14.349,14.433,32175.92
1631199960000,14.429,14.469,14.394,14.407,11615.56
1631200020000,14.402,14.409,14.155,14.164,19384.94
1631200080000,14.164,14.21,14.06,14.083,14210.31
1631200140000,14.074,14.085,13.964,14.065,50211.57
1631200200000,14.065,14.164,14.056,14.1,22864.06
1631200260000,14.101,14.101,13.897,14.021,24091.09
1631200320000,14.02,14.148,13.949,14.114,21614.1
1631200380000,14.115,14.164,14.065,14.164,3419.73
1631200440000,14.164,14.264,14.15,14.264,7399.65
1631200500000,14.254,14.288,14.044,14.044,14236.96
1631200560000,14.047,14.196,13.975,14.156,15487.44
1631200620000,14.171,14.405,14.134,14.38,46651.48
1631200680000,14.374,14.483,14.265,14.457,29798.03
1631200740000,14.458,14.55,14.424,14.429,28929.03
1631200800000,14.432,14.601,14.407,14.6,36528.1
1631200860000,14.6,14.727,14.55,14.686,32321.01
1631200920000,14.694,14.698,14.55,14.6,19068.78
1631200980000,14.606,14.814,14.566,14.75,48229.55
1631201040000,14.75,14.828,14.7,14.764,23967.49
1631201100000,14.761,14.929,14.569,14.84,29070.69
1631201160000,14.841,15.03,14.826,14.911,64363.07
1631201220000,14.912,15.0,14.85,14.869,44917.74
1631201280000,14.867,14.867,14.68,14.741,13753.99
1631201340000,14.745,14.818,14.707,14.776,10563.44
1631201400000,14.776,14.929,14.765,14.913,6083.71
1631201460000,14.915,15.1,14.913,15.066,46744.31
1631201520000,15.066,15.15,14.964,15.13,67423.7
1631201580000,15.133,15.3,15.121,15.276,48962.38
1631201640000,15.269,15.278,14.971,15.174,59297.63
1631201700000,15.158,15.219,15.066,15.093,40078.05
1631201760000,15.087,15.093,14.87,14.963,48059.69
1631201820000,14.979,15.053,14.957,15.004,16312.28
1631201880000,15.003,15.023,14.939,14.973,9043.23
1631201940000,14.973,15.066,14.9,14.944,39578.14
1631202000000,14.939,14.96,14.829,14.836,19456.7
1631202060000,14.843,15.013,14.837,14.999,29241.17
1631202120000,14.985,15.049,14.91,15.046,32412.05
1631202180000,15.042,15.199,14.967,15.179,33528.2
1631202240000,15.178,15.2,15.05,15.122,35570.69
1631202300000,15.126,15.15,15.056,15.126,15249.84
1631202360000,15.126,15.531,15.115,15.51,111992.64
1631202420000,15.512,15.676,15.279,15.434,106048.65
1631202480000,15.434,15.577,15.27,15.499,46993.26
1631202540000,15.497,15.676,15.461,15.556,55658.07
1631202600000,15.54,15.8,15.5,15.67,54755.12
1631202660000,15.696,15.97,15.673,15.784,126784.07
1631202720000,15.723,15.8,15.601,15.734,54972.49
1631202780000,15.748,15.848,15.58,15.755,69266.55
1631202840000,15.751,15.838,15.697,15.745,72021.56
1631202900000,15.753,15.764,15.447,15.539,67300.98
1631202960000,15.549,15.631,15.434,15.552,55731.41
1631203020000,15.551,15.818,15.524,15.731,31605.93
1631203080000,15.73,15.8,15.546,15.614,31334.24
1631203140000,15.615,15.818,15.6,15.798,21959.77
1631203200000,15.797,16.054,15.783,16.051,154955.92
1631203260000,16.051,16.182,15.8,15.854,80781.13
1631203320000,15.854,15.9,15.482,15.58,81614.75
1631203380000,15.581,15.66,15.3,15.486,96412.09
1631203440000,15.486,15.501,15.2,15.223,81654.33
1631203500000,15.238,15.309,15.034,15.145,60918.33
1631203560000,15.154,15.398,15.153,15.339,47106.14
1631203620000,15.345,15.346,14.87,14.92,95145.09
1631203680000,14.92,15.108,14.804,14.899,90620.16
1631203740000,14.897,15.111,14.828,15.111,67942.21
1631203800000,15.095,15.211,14.874,15.048,55548.91
1631203860000,15.049,15.2,15.001,15.032,22386.86
1631203920000,15.038,15.294,15.01,15.104,22330.35
1631203980000,15.103,15.368,15.103,15.222,46491.5
1631204040000,15.221,15.304,15.131,15.131,28889.15
1631204100000,15.171,15.259,14.93,14.949,44515.41
1631204160000,14.951,14.998,14.862,14.981,13198.39
1631204220000,14.99,15.116,14.99,15.05,13354.83
1631204280000,15.058,15.072,14.931,14.945,11730.75
1631204340000,14.945,14.971,14.741,14.81,35071.29
1631204400000,14.801,14.984,14.801,14.984,18956.04
1631204460000,14.986,15.0,14.851,14.88,14492.5
1631204520000,14.879,14.88,14.77,14.787,22348.53
1631204580000,14.791,14.948,14.707,14.773,19796.95
1631204640000,14.774,14.867,14.74,14.776,12902.39
1631204700000,14.788,14.911,14.781,14.911,28570.75
1631204760000,14.908,14.999,14.879,14.902,26874.21
1631204820000,14.913,14.988,14.829,14.953,11163.76
1631204880000,14.957,14.989,14.881,14.904,8006.54
1631204940000,14.896,14.979,14.871,14.947,9286.69
1631205000000,14.935,14.999,14.92,14.983,8677.46
1631205060000,14.983,15.094,14.974,15.087,13774.6
1631205120000,15.069,15.189,15.05,15.163,25303.24
1631205180000,15.163,15.164,15.034,15.044,20945.27
1631205240000,15.044,15.204,15.044,15.204,24348.35
1631205300000,15.204,15.237,15.169,15.218,12387.44
1631205360000,15.218,15.272,15.17,15.173,37640.47
1631205420000,15.169,15.175,15.002,15.046,17055.58
1631205480000,15.045,15.09,15.045,15.07,7040.09
1631205540000,15.071,15.071,15.033,15.041,9628.48
1631205600000,15.046,15.052,14.868,14.871,23049.95
1631205660000,14.866,14.877,14.689,14.714,24633.15
1631205720000,14.708,14.802,14.684,14.802,56221.58
1631205780000,14.812,14.877,14.802,14.871,6682.82
1631205840000,14.872,14.872,14.761,14.812,19659.97
1631205900000,14.818,14.824,14.8,14.814,8393.94
1631205960000,14.823,14.823,14.761,14.788,9636.9
1631206020000,14.787,14.908,14.731,14.815,11355.31
1631206080000,14.836,14.949,14.821,14.946,6170.0
1631206140000,14.932,15.061,14.925,15.052,10468.78
1631206200000,15.052,15.1,15.037,15.096,13376.79
1631206260000,15.098,15.23,15.091,15.21,12801.57
1631206320000,15.21,15.232,15.054,15.063,14747.44
1631206380000,15.061,15.088,15.017,15.043,5735.1
1631206440000,15.044,15.25,15.03,15.219,21878.44
1631206500000,15.215,15.333,15.116,15.158,31622.67
1631206560000,15.155,15.3,15.131,15.248,14479.87
1631206620000,15.253,15.316,15.034,15.079,24737.48
1631206680000,15.078,15.215,15.078,15.182,4570.6
1631206740000,15.182,15.185,15.123,15.135,4140.69
1631206800000,15.126,15.126,14.901,14.906,17223.3
1631206860000,14.901,14.985,14.859,14.935,14653.63
1631206920000,14.935,15.08,14.935,15.023,13363.94
1631206980000,15.022,15.032,14.958,14.973,10836.01
1631207040000,14.973,14.973,14.914,14.924,3783.72
1631207100000,14.931,14.939,14.908,14.916,2515.63
1631207160000,14.909,14.92,14.77,14.791,26681.35
1631207220000,14.79,14.929,14.73,14.918,15118.68
1631207280000,14.918,14.925,14.811,14.824,4540.14
1631207340000,14.821,14.853,14.814,14.85,4960.37
1631207400000,14.851,14.972,14.851,14.952,6751.65
1631207460000,14.952,14.981,14.828,14.838,16561.32
1631207520000,14.833,14.853,14.772,14.796,29603.64
1631207580000,14.798,14.827,14.701,14.703,12051.01
1631207640000,14.702,14.754,14.533,14.544,32200.82
1631207700000,14.544,14.687,14.486,14.569,40529.46
1631207760000,14.571,14.7,14.552,14.7,10599.37
1631207820000,14.699,14.8,14.694,14.778,7365.72
1631207880000,14.776,14.793,14.768,14.785,3076.67
1631207940000,14.782,14.787,14.7,14.701,6614.55
1631208000000,14.701,14.718,14.584,14.586,7794.85
1631208060000,14.585,14.596,14.55,14.587,9772.44
1631208120000,14.576,14.607,14.551,14.575,8462.9
1631208180000,14.578,14.581,14.44,14.474,37420.29
1631208240000,14.478,14.626,14.469,14.469,55642.78
1631208300000,14.454,14.509,14.375,14.378,15777.68
1631208360000,14.381,14.39,14.352,14.357,11390.09
1631208420000,14.357,14.488,14.35,14.481,11371.29
1631208480000,14.481,14.525,14.446,14.514,4694.66
1631208540000,14.514,14.526,14.48,14.497,9076.28
1631208600000,14.496,14.497,14.46,14.461,2225.99
1631208660000,14.461,14.476,14.371,14.385,11047.35
1631208720000,14.379,14.448,14.37,14.399,7355.22
1631208780000,14.408,14.47,14.4,14.47,6138.45
1631208840000,14.456,14.622,14.451,14.586,14357.71
1631208900000,14.584,14.608,14.559,14.593,4079.97
1631208960000,14.596,14.686,14.587,14.685,9898.95
1631209020000,14.683,14.697,14.596,14.649,23233.64
1631209080000,14.649,14.766,14.649,14.744,8679.8
1631209140000,14.743,14.746,14.623,14.652,13812.31
1631209200000,14.654,14.705,14.525,14.684,14966.65
1631209260000,14.691,14.7,14.54,14.584,7866.17
1631209320000,14.596,14.699,14.584,14.622,8362.68
1631209380000,14.63,14.63,14.429,14.481,13667.37
1631209440000,14.48,14.578,14.411,14.415,16978.91
1631209500000,14.412,14.419,14.339,14.347,5542.57
1631209560000,14.34,14.399,14.331,14.362,6274.18
1631209620000,14.352,14.412,14.34,14.345,12046.03
1631209680000,14.345,14.35,14.222,14.231,20492.3
1631209740000,14.23,14.354,14.221,14.325,13274.37
1631209800000,14.327,14.413,14.242,14.292,25732.3
1631209860000,14.288,14.525,14.273,14.475,16032.91
1631209920000,14.489,14.523,14.393,14.441,10776.53
1631209980000,14.454,14.549,14.441,14.546,7194.21
1631210040000,14.532,14.551,14.445,14.498,17725.63
1631210100000,14.498,14.525,14.45,14.48,7447.01
1631210160000,14.468,14.676,14.452,14.663,19160.24
1631210220000,14.68,14.698,14.507,14.603,19686.42
1631210280000,14.641,14.74,14.57,14.574,26809.81
1631210340000,14.573,14.605,14.535,14.57,7183.78
1631210400000,14.569,14.7,14.558,14.681,4323.82
1631210460000,14.686,14.831,14.677,14.738,21939.01
1631210520000,14.741,14.762,14.633,14.633,5178.09
1631210580000,14.633,14.656,14.542,14.543,5215.99
1631210640000,14.556,14.556,14.501,14.508,6490.87
1631210700000,14.516,14.542,14.501,14.542,5174.44
1631210760000,14.535,14.6,14.535,14.581,4025.39
1631210820000,14.575,14.618,14.49,14.579,9710.97
1631210880000,14.612,14.626,14.5,14.522,9666.02
1631210940000,14.52,14.581,14.517,14.535,4724.13
1631211000000,14.535,14.564,14.525,14.528,1474.66
1631211060000,14.529,14.533,14.501,14.521,2438.51
1631211120000,14.507,14.52,14.151,14.161,50729.64
1631211180000,14.162,14.233,14.15,14.225,20426.35
1631211240000,14.225,14.225,14.03,14.207,31301.03
1631211300000,14.207,14.207,14.078,14.084,11159.3
1631211360000,14.089,14.136,14.0,14.037,31103.93
1631211420000,14.035,14.049,13.95,14.003,49679.43
1631211480000,14.006,14.097,14.006,14.062,10178.98
1631211540000,14.073,14.121,13.928,13.971,19655.98
1631211600000,13.964,14.037,13.9,13.984,18143.79
1631211660000,13.999,14.01,13.9,13.9,8980.85
1631211720000,13.9,13.966,13.782,13.806,29993.97
1631211780000,13.796,13.886,13.787,13.825,19823.84
1631211840000,13.826,13.826,13.75,13.763,12287.47
1631211900000,13.761,14.05,13.751,14.021,33736.93
1631211960000,14.045,14.095,13.925,13.944,17752.41
1631212020000,13.919,14.02,13.919,14.003,12686.45
1631212080000,14.004,14.034,13.781,13.953,57918.65
1631212140000,13.968,13.982,13.91,13.975,3254.29
1631212200000,13.975,13.999,13.938,13.968,14929.5
1631212260000,13.969,14.076,13.957,14.054,12520.78
1631212320000,14.067,14.137,14.055,14.108,5479.14
1631212380000,14.121,14.154,14.035,14.061,34275.61
1631212440000,14.053,14.153,14.039,14.123,7296.67
1631212500000,14.136,14.154,14.0,14.0,14792.86
1631212560000,14.002,14.002,13.874,13.899,13443.96
1631212620000,13.9,14.038,13.84,14.006,15765.89
1631212680000,14.012,14.035,13.972,14.017,7691.47
1631212740000,14.011,14.081,14.01,14.053,5408.74
